id_post,filename
41,EtErosVestibulum.tiff
12,DapibusDuisAt.mp3
113,IpsumDolorSit.mov
80,NullaPede.mov
24,NibhIn.mp3
59,Volutpat.avi
1,Lectus.avi
66,LuctusEtUltrices.avi
86,Justo.avi
111,LuctusEtUltrices.avi
85,At.ppt
88,Cras.jpeg
93,EstDonec.tiff
66,DictumstAliquamAugue.xls
73,LobortisConvallisTortor.mp3
2,ErosSuspendisseAccumsan.avi
90,Nibh.avi
52,ASuscipitNulla.tiff
52,PhasellusIdSapien.mp3
71,ConvallisNuncProin.ppt
91,LaciniaErat.jpeg
148,DictumstEtiam.tiff
130,NislDuis.avi
28,SedMagna.ppt
38,ConvallisTortor.mp3
95,Consectetuer.avi
123,Eget.gif
49,Lobortis.pdf
100,Lobortis.ppt
138,Potenti.jpeg
6,Vulputate.doc
71,NamTristique.mp3
111,Nullam.mpeg
50,TortorDuisMattis.doc
12,TinciduntIn.mp3
102,EgetVulputateUt.avi
7,MaecenasUt.jpeg
11,ElementumNullamVarius.xls
102,Integer.avi
131,Non.png
127,SedMagnaAt.avi
96,InterdumMauris.txt
106,DonecSemper.txt
47,FeugiatEtEros.avi
44,NullaEgetEros.mp3
65,Vivamus.mp3
135,PorttitorPede.xls
131,A.avi
54,HacHabitassePlatea.doc
87,PretiumQuisLectus.avi
110,VehiculaConsequat.ppt
56,NullaUltricesAliquet.avi
133,In.mp3
75,Vestibulum.xls
147,SitAmetCursus.tiff
71,VestibulumSitAmet.mp3
2,PrimisIn.ppt
21,PhasellusSit.mp3
35,Eget.mp3
149,LacusMorbiSem.mpeg
82,TinciduntLacusAt.ppt
84,ConvallisTortor.pdf
146,Pede.avi
96,UllamcorperPurus.xls
65,ConsequatUtNulla.mp3
109,Faucibus.mp3
100,Platea.xls
57,In.pdf
35,QuisTurpisEget.txt
14,PharetraMagna.mp3
14,AccumsanTellusNisi.xls
58,NullaInteger.xls
24,ConvallisDuisConsequat.ppt
133,AtFeugiat.tiff
119,EgestasMetus.xls
31,QuisTurpis.tiff
125,SapienUrnaPretium.xls
16,Metus.xls
22,AIpsum.gif
106,RisusPraesentLectus.jpeg
127,RhoncusAliquamLacus.mp3
75,PortaVolutpatQuam.ppt
65,PrimisInFaucibus.mp3
31,Volutpat.xls
52,Dui.ppt
122,VulputateJusto.ppt
55,TurpisA.ppt
29,Sapien.gif
26,Maecenas.xls
5,Condimentum.pdf
78,Nunc.ppt
68,Donec.ppt
21,Lobortis.avi
111,Etiam.jpeg
22,VivamusTortor.tiff
24,VestibulumAliquetUltrices.gif
94,NecCondimentum.ppt
118,InAnte.ppt
88,TempusSemper.xls
93,AtIpsum.avi
100,VariusUt.mp3
74,Potenti.avi
58,Pretium.mp3
143,PlateaDictumstAliquam.pdf
109,VitaeIpsum.ppt
58,Vel.ppt
32,Dictumst.png
129,InHacHabitasse.tiff
65,Ultrices.ppt
122,SedVestibulum.gif
41,Sapien.avi
142,Mauris.doc
1,VelIpsum.avi
90,NislNuncNisl.tiff
47,Sed.mov
96,Feugiat.avi
17,Turpis.tiff
66,ConvallisNunc.mpeg
19,Pellentesque.xls
14,Odio.tiff
87,AcConsequatMetus.avi
52,MiNulla.tiff
48,VestibulumVelitId.txt
40,AmetLobortisSapien.tiff
6,In.mpeg
109,Ligula.avi
106,Diam.tiff
115,PharetraMagna.tiff
4,NonMi.xls
16,IdNulla.png
130,Dui.mp3
67,DapibusNullaSuscipit.jpeg
108,AugueLuctusTincidunt.tiff
60,VivamusTortorDuis.mpeg
114,NullaMollis.txt
76,Mauris.xls
102,JustoSollicitudin.avi
80,DuisAliquamConvallis.xls
127,UtAtDolor.avi
116,NislDuisBibendum.xls
61,ArcuLibero.gif
88,LuctusEtUltrices.xls
147,LectusPellentesqueAt.xls
83,IaculisJustoIn.xls
115,UtUltrices.gif
130,SitAmetJusto.jpeg
97,Penatibus.pdf
149,Ultrices.xls
111,CurabiturAt.ppt
52,Ipsum.mpeg
127,Suspendisse.png
21,NonummyMaecenas.tiff
137,ParturientMontesNascetur.avi
62,DonecVitae.xls
96,Magnis.mp3
40,LacusMorbi.avi
18,TortorIdNulla.mov
3,EstDonec.avi
64,IntegerAliquet.jpeg
100,QuisTurpis.mpeg
102,Semper.txt
107,PlateaDictumstMorbi.png
89,PrimisInFaucibus.tiff
43,Aliquam.ppt
126,Vivamus.ppt
141,PedeVenenatisNon.ppt
52,UtNulla.xls
95,AliquetPulvinarSed.txt
142,HabitassePlateaDictumst.mov
139,Nisl.xls
70,IdConsequatIn.doc
20,NullaMollis.png
138,EtMagnis.mp3
95,VestibulumQuam.xls
45,Accumsan.xls
5,TortorSollicitudinMi.tiff
66,EuNibhQuisque.ppt
114,QuisOrciEget.xls
28,MaurisSitAmet.ppt
149,A.xls
112,Sagittis.jpeg
23,NullaMollis.jpeg
48,NecMolestieSed.ppt
129,SemperSapien.ppt
76,LigulaNec.mp3
41,Et.avi
121,NuncCommodo.xls
144,OrnareConsequat.doc
88,SedAnte.avi
11,CurabiturConvallisDuis.xls
67,UtAtDolor.avi
19,VitaeMattis.png
83,IdPretiumIaculis.ppt
75,Bibendum.jpeg
65,IaculisCongueVivamus.mp3
7,SitAmet.xls
2,HacHabitasse.tiff
135,NislAeneanLectus.ppt
97,VestibulumAnte.mp3
78,InCongue.xls
133,Mi.tiff
31,AmetEleifendPede.mpeg
45,NecDui.doc
71,LuctusEt.ppt
100,DisParturient.png
116,CongueEtiam.txt
17,IdSapien.mov
1,UtUltrices.xls
12,AtDolor.avi
78,ConsequatNullaNisl.ppt
102,Enim.avi
29,OdioPorttitorId.mp3
55,SedVelEnim.ppt
8,OrciPedeVenenatis.jpeg
53,NuncRhoncus.mp3
81,ProinLeoOdio.png
141,Orci.avi
126,FaucibusOrci.avi
118,CumSociisNatoque.pdf
80,Quis.mov
33,CurabiturConvallisDuis.mov
105,BlanditLacinia.ppt
60,Amet.pdf
46,ViverraDapibus.txt
140,AnteVestibulum.avi
53,MassaIdLobortis.ppt
51,NecDui.png
59,Nisi.avi
19,Tristique.avi
143,ConvallisEgetEleifend.png
97,Velit.xls
10,ElementumLigulaVehicula.mp3
76,Penatibus.ppt
99,NamUltricesLibero.xls
92,SollicitudinMi.mp3
135,EratCurabitur.avi
43,VivamusVelNulla.mp3
111,Eget.avi
104,Ullamcorper.txt
54,ElementumNullam.avi
72,NisiEu.xls
22,VivamusIn.ppt
71,InEleifend.xls
128,DonecPharetraMagna.xls
35,Porttitor.xls
88,SitAmetErat.mp3
42,NequeSapienPlacerat.png
35,Lorem.mpeg
23,PotentiInEleifend.xls
105,Vestibulum.mov
115,Vivamus.mpeg
76,HabitassePlatea.xls
130,EratCurabitur.mpeg
138,NullaQuisqueArcu.xls
6,SitAmetJusto.mp3
11,Quisque.jpeg
135,TemporTurpisNec.mpeg
104,ElitProinRisus.gif
21,Viverra.ppt
114,DuiLuctus.gif
116,Volutpat.avi
22,DictumstAliquamAugue.doc
69,EuEstCongue.avi
123,TinciduntEuFelis.doc
30,Tincidunt.jpeg
82,DuiMaecenasTristique.txt
76,CursusUrnaUt.avi
77,MorbiA.txt
55,DiamVitae.xls
107,DuiNecNisi.avi
75,RutrumNeque.doc
25,SedAugueAliquam.ppt
149,InSagittisDui.xls
143,EgetCongue.txt
120,TurpisNecEuismod.mp3
35,IdPretium.xls
119,Metus.xls
47,Morbi.ppt
139,HendreritAtVulputate.avi
75,In.tiff
56,Ac.ppt
93,VestibulumAnte.gif
105,BlanditNamNulla.avi
131,Nibh.ppt
111,RutrumRutrumNeque.jpeg
32,Maecenas.xls
140,EstRisus.ppt
51,IntegerNonVelit.xls
29,IpsumPrimis.ppt
10,DonecOdioJusto.png
98,DuisBibendum.ppt
38,NullaIntegerPede.gif
77,EtUltrices.mp3
67,Nulla.doc
82,OrciLuctus.mov
142,MorbiUt.mpeg
11,HacHabitassePlatea.mp3
70,Porttitor.mpeg
128,Integer.ppt
45,Suspendisse.ppt
