id,first_name,last_name,username
1,Thomasa,Rignold,trignold0
2,Ilysa,MacCroary,imaccroary1
3,Aleksandr,Dike,adike2
4,Rollins,Dearell,rdearell3
5,Vinnie,Valentine,vvalentine4
6,Hesther,Alchin,halchin5
7,Raleigh,Degue,rdegue6
8,Olav,Mulqueeny,omulqueeny7
9,Em,Maciunas,emaciunas8
10,Thor,Quelch,tquelch9
11,Anatol,Van Halle,avanhallea
12,Ives,Riepl,irieplb
13,Tori,Kineton,tkinetonc
14,Vannie,Grzelczak,vgrzelczakd
15,Erik,Pales,epalese
16,Boyd,Zorzi,bzorzif
17,Mike,Anyene,manyeneg
18,Elie,Shoosmith,eshoosmithh
19,Amara,Andreazzi,aandreazzii
20,Ramon,Farran,rfarranj
21,Adria,Pina,apinak
22,Cinda,Nitti,cnittil
23,Ignacio,Avieson,iaviesonm
24,Debor,Seniour,dseniourn
25,Tammy,Kirimaa,tkirimaao
26,Lonee,Munro,lmunrop
27,Keely,Larner,klarnerq
28,Faustine,Faveryear,ffaveryearr
29,Melisandra,Kinver,mkinvers
30,Sela,Heistermann,sheistermannt
31,Ashly,Alywen,aalywenu
32,Scarlett,Perri,sperriv
33,Micaela,Pinkney,mpinkneyw
34,Peter,Gaymar,pgaymarx
35,Susan,Monte,smontey
36,Urban,Antoinet,uantoinetz
37,Misti,Canti,mcanti10
38,Binky,Beche,bbeche11
39,Lorette,Doolan,ldoolan12
40,Fitz,Middlemist,fmiddlemist13
41,Frannie,Rasper,frasper14
42,Anet,Bockmann,abockmann15
43,Adelle,Axcel,aaxcel16
44,Eleni,Godfrey,egodfrey17
45,Emmerich,Crassweller,ecrassweller18
46,Toby,Kharchinski,tkharchinski19
47,Mikael,Danielsson,mdanielsson1a
48,Kirsten,Hartly,khartly1b
49,Emory,Carhart,ecarhart1c
50,Gerardo,Sleeman,gsleeman1d
51,Lizabeth,Dawkins,ldawkins1e
52,Elwira,Gething,egething1f
53,Whit,Fidal,wfidal1g
54,Nelson,Kesterton,nkesterton1h
55,Maurizia,Brittin,mbrittin1i
56,Delores,Pee,dpee1j
57,Karney,Locksley,klocksley1k
58,Larisa,Blaker,lblaker1l
59,Filip,Dare,fdare1m
60,Kliment,Flewitt,kflewitt1n
61,Cly,Bim,cbim1o
62,Patrizius,De Filippis,pdefilippis1p
63,Daniele,Doswell,ddoswell1q
64,Brett,Easseby,beasseby1r
65,Peder,Attoc,pattoc1s
66,Ambrosi,Grinishin,agrinishin1t
67,Brit,Satteford,bsatteford1u
68,Lonnie,Logue,llogue1v
69,Jeanna,Blaxlande,jblaxlande1w
70,Tamiko,Gellier,tgellier1x
71,Sumner,Sprey,ssprey1y
72,Carmelina,Dumphry,cdumphry1z
73,Giorgia,McKerton,gmckerton20
74,Renae,Luff,rluff21
75,Grazia,Dyhouse,gdyhouse22
76,Cecil,Colclough,ccolclough23
77,Bart,Semerad,bsemerad24
78,Ellsworth,Handscombe,ehandscombe25
79,Nial,Bolin,nbolin26
80,Leoine,Boydell,lboydell27
81,Olympie,Calkin,ocalkin28
82,Barry,Mousdall,bmousdall29
83,Arnaldo,Medler,amedler2a
84,Gerri,Sweeney,gsweeney2b
85,Leonanie,Sucre,lsucre2c
86,Mahalia,Aviss,maviss2d
87,Anica,Bolt,abolt2e
88,Vanessa,Plues,vplues2f
89,Marven,Bleesing,mbleesing2g
90,Reid,Lillford,rlillford2h
91,Willey,Parmley,wparmley2i
92,Margalo,McCleverty,mmccleverty2j
93,Kerwinn,Polotti,kpolotti2k
94,Hashim,Culpan,hculpan2l
95,Frayda,Casali,fcasali2m
96,Robinia,Laxtonne,rlaxtonne2n
97,Inga,Girton,igirton2o
98,Austina,Balsdone,abalsdone2p
99,Michale,Gilchrist,mgilchrist2q
100,Laetitia,Klimp,lklimp2r
101,Datha,Harkus,dharkus2s
102,Paxton,Dangerfield,pdangerfield2t
103,Kit,Laddle,kladdle2u
104,Olly,Gudyer,ogudyer2v
105,Bambi,Klesel,bklesel2w
106,Hildegaard,Samways,hsamways2x
107,Ernestine,Raft,eraft2y
108,Alice,Veitch,aveitch2z
109,Myrlene,Potteridge,mpotteridge30
110,Milly,Gallegos,mgallegos31
111,Frasco,Rosewell,frosewell32
112,Merle,Jobling,mjobling33
113,Cly,Gillett,cgillett34
114,Tani,Hutten,thutten35
115,Jonis,Thomazin,jthomazin36
116,Yetty,Bartleman,ybartleman37
117,Carleen,Ecclesall,cecclesall38
118,Preston,Lembcke,plembcke39
119,Niccolo,Print,nprint3a
120,Nobie,Cubbit,ncubbit3b
121,Janette,Goby,jgoby3c
122,Bondie,Sherrott,bsherrott3d
123,Megan,Iremonger,miremonger3e
124,Deeann,Baudrey,dbaudrey3f
125,Jody,Dixie,jdixie3g
126,Ofelia,Clawe,oclawe3h
127,Shanan,Labusquiere,slabusquiere3i
128,Shelagh,Scartifield,sscartifield3j
129,Alvy,Faithfull,afaithfull3k
130,Lucretia,Howie,lhowie3l
131,Deloris,Poletto,dpoletto3m
132,Fidel,Fochs,ffochs3n
133,Adeline,Goforth,agoforth3o
134,Radcliffe,Everett,reverett3p
135,Win,Wormleighton,wwormleighton3q
136,Cody,Marlowe,cmarlowe3r
137,Miguela,Sheehan,msheehan3s
138,Ranique,Baudy,rbaudy3t
139,Raquel,Blas,rblas3u
140,Michael,McKeaney,mmckeaney3v
141,Adeline,Maggill'Andreis,amaggillandreis3w
142,Nowell,Dubber,ndubber3x
143,Josey,Gilhouley,jgilhouley3y
144,Abby,Peasby,apeasby3z
145,Davine,Gammage,dgammage40
146,Aurie,Hassan,ahassan41
147,Hercules,Middlewick,hmiddlewick42
148,Harriott,Ohanessian,hohanessian43
149,Zena,Grieve,zgrieve44
150,Andreana,Brandsma,abrandsma45
151,Shirl,Badcock,sbadcock46
152,Hayes,Cradick,hcradick47
153,Leslie,Asplin,lasplin48
154,Hewitt,Olner,holner49
155,Darline,Mowsley,dmowsley4a
156,Yancy,Storre,ystorre4b
157,Myrna,MacLese,mmaclese4c
158,Sallee,Swinburn,sswinburn4d
159,Pavla,Watts,pwatts4e
160,Thorstein,Kenton,tkenton4f
161,Robinet,Jorissen,rjorissen4g
162,Georgianne,Scheu,gscheu4h
163,Claudell,Mirralls,cmirralls4i
164,Donnell,Bruckent,dbruckent4j
165,Leon,Womersley,lwomersley4k
166,Baudoin,Firbank,bfirbank4l
167,Bethena,Castagnasso,bcastagnasso4m
168,Jelene,Butt Gow,jbuttgow4n
169,Rikki,Knightsbridge,rknightsbridge4o
170,Winny,Waliszewski,wwaliszewski4p
171,Shandeigh,Rawlin,srawlin4q
172,Naomi,McKenney,nmckenney4r
173,Ricoriki,Dondon,rdondon4s
174,Rutherford,Hinkens,rhinkens4t
175,Danna,Buzine,dbuzine4u
176,Bernarr,Youde,byoude4v
177,Vanna,Ren,vren4w
178,Hermione,Burgan,hburgan4x
179,Allx,Kettridge,akettridge4y
180,Sylvan,Jemison,sjemison4z
181,Doe,Vasyanin,dvasyanin50
182,Noe,Trevaskus,ntrevaskus51
183,Wilfred,Macveigh,wmacveigh52
184,Lucio,Stanyon,lstanyon53
185,Frieda,O'Bradain,fobradain54
186,Lisette,Mayler,lmayler55
187,Lory,Sedgwick,lsedgwick56
188,Norrie,Stoggell,nstoggell57
189,Vinson,Pidwell,vpidwell58
190,Rusty,Espadater,respadater59
191,Benetta,Chaimson,bchaimson5a
192,Britney,Gail,bgail5b
193,Brandie,Benet,bbenet5c
194,Janaye,Crayker,jcrayker5d
195,Philly,Domm,pdomm5e
196,Traver,Breed,tbreed5f
197,Stern,Phipps,sphipps5g
198,Rochell,Crampsey,rcrampsey5h
199,Francisco,Drissell,fdrissell5i
200,Tremayne,De Simone,tdesimone5j
201,admin,admin,admin
